{
  "hash": "199b418d",
  "browserHash": "d151630c",
  "optimized": {
    "@angular/common": {
      "src": "../../../../../node_modules/@angular/common/fesm2022/common.mjs",
      "file": "@angular_common.js",
      "fileHash": "b24b9e5c",
      "needsInterop": false
    },
    "@angular/core": {
      "src": "../../../../../node_modules/@angular/core/fesm2022/core.mjs",
      "file": "@angular_core.js",
      "fileHash": "f14aa89e",
      "needsInterop": false
    },
    "@angular/forms": {
      "src": "../../../../../node_modules/@angular/forms/fesm2022/forms.mjs",
      "file": "@angular_forms.js",
      "fileHash": "cc5e4364",
      "needsInterop": false
    },
    "@angular/platform-browser": {
      "src": "../../../../../node_modules/@angular/platform-browser/fesm2022/platform-browser.mjs",
      "file": "@angular_platform-browser.js",
      "fileHash": "94f93dbb",
      "needsInterop": false
    }
  },
  "chunks": {
    "chunk-EL4XXDQY": {
      "file": "chunk-EL4XXDQY.js"
    },
    "chunk-QDI3SNNE": {
      "file": "chunk-QDI3SNNE.js"
    }
  }
}